{
  "experiment_name": "dijkstra",
  "type": "conveyor",
  "path_memory": {
    "type": "shared_path_memory"
  },
  "learn_trigger_bag_count": 30,
  "topology": {
    "type": "oriented",
    "sources": {
      "0": {
        "upstream_conv": 0
      },
      "1": {
        "upstream_conv": 1
      },
      "2": {
        "upstream_conv": 2
      }
    },
    "sinks": [
      0,
      1,
      2
    ],
    "diverters": {
      "0": {
        "conveyor": 0,
        "pos": 20,
        "upstream_conv": 3
      },
      "1": {
        "conveyor": 1,
        "pos": 20,
        "upstream_conv": 4
      },
      "2": {
        "conveyor": 2,
        "pos": 20,
        "upstream_conv": 5
      },
      "3": {
        "conveyor": 0,
        "pos": 40,
        "upstream_conv": 6
      },
      "4": {
        "conveyor": 1,
        "pos": 40,
        "upstream_conv": 7
      },
      "5": {
        "conveyor": 2,
        "pos": 40,
        "upstream_conv": 8
      },
      "6": {
        "conveyor": 0,
        "pos": 60,
        "upstream_conv": 9
      },
      "7": {
        "conveyor": 1,
        "pos": 60,
        "upstream_conv": 10
      },
      "8": {
        "conveyor": 2,
        "pos": 60,
        "upstream_conv": 11
      },
      "9": {
        "conveyor": 0,
        "pos": 80,
        "upstream_conv": 12
      },
      "10": {
        "conveyor": 1,
        "pos": 80,
        "upstream_conv": 13
      },
      "11": {
        "conveyor": 2,
        "pos": 80,
        "upstream_conv": 14
      }
    },
    "conveyors": {
      "0": {
        "length": 100,
        "upstream": {
          "type": "sink",
          "id": 0
        }
      },
      "1": {
        "length": 100,
        "upstream": {
          "type": "sink",
          "id": 1
        }
      },
      "2": {
        "length": 100,
        "upstream": {
          "type": "sink",
          "id": 2
        }
      },
      "3": {
        "length": 5,
        "quality": 5,
        "upstream": {
          "type": "conveyor",
          "id": 1,
          "pos": 25
        }
      },
      "4": {
        "length": 5,
        "quality": 5,
        "upstream": {
          "type": "conveyor",
          "id": 2,
          "pos": 25
        }
      },
      "5": {
        "length": 5,
        "quality": 5,
        "upstream": {
          "type": "conveyor",
          "id": 0,
          "pos": 25
        }
      },
      "6": {
        "length": 10,
        "upstream": {
          "type": "conveyor",
          "id": 1,
          "pos": 45
        }
      },
      "7": {
        "length": 10,
        "upstream": {
          "type": "conveyor",
          "id": 2,
          "pos": 45
        }
      },
      "8": {
        "length": 10,
        "upstream": {
          "type": "conveyor",
          "id": 0,
          "pos": 45
        }
      },
      "9": {
        "length": 20,
        "upstream": {
          "type": "conveyor",
          "id": 1,
          "pos": 65
        }
      },
      "10": {
        "length": 20,
        "upstream": {
          "type": "conveyor",
          "id": 2,
          "pos": 65
        }
      },
      "11": {
        "length": 20,
        "upstream": {
          "type": "conveyor",
          "id": 0,
          "pos": 65
        }
      },
      "12": {
        "length": 30,
        "upstream": {
          "type": "conveyor",
          "id": 1,
          "pos": 85
        }
      },
      "13": {
        "length": 30,
        "upstream": {
          "type": "conveyor",
          "id": 2,
          "pos": 85
        }
      },
      "14": {
        "length": 30,
        "upstream": {
          "type": "conveyor",
          "id": 0,
          "pos": 85
        }
      }
    }
  },
  "agent": {
    "type": "dijkstra",
    "current_node_idx_prefix": "current_node_idx",
    "destination_node_idx_prefix": "destination_node_idx",
    "neighbors_node_ids_prefix": "neighbors_node_ids",
    "topology_prefix": "topology",
    "bag_ids_prefix": "bag_ids",
    "output_prefix": "next_nodes"
  },
  "test": {
    "topology_independence": "full",
    "bags_queue": true,
    "time_outlier": 0,
    "collision_distance": 1,
    "data": [
      {
        "action": "put_bags",
        "bags_number": 1000,
        "delta": 3
      },
      {
        "action": "conv_break",
        "conv_idx": 6,
        "pause": 0
      },
      {
        "action": "conv_break",
        "conv_idx": 8,
        "pause": 0
      },
      {
        "action": "put_bags",
        "bags_number": 100,
        "delta": 2
      },
      {
        "action": "conv_break",
        "conv_idx": 7,
        "pause": 0
      },
      {
        "action": "put_bags",
        "bags_number": 100,
        "delta": 2
      },
      {
        "action": "conv_restore",
        "conv_idx": 6,
        "pause": 0
      },
      {
        "action": "put_bags",
        "bags_number": 100,
        "delta": 2
      },
      {
        "action": "conv_restore",
        "conv_idx": 8,
        "pause": 0
      },
      {
        "action": "conv_restore",
        "conv_idx": 7,
        "pause": 0
      },
      {
        "action": "put_bags",
        "bags_number": 200,
        "delta": 2
      }
    ]
  },
  "shared_embedder": {
    "shared": true,
    "type": "hope",
    "embedding_dim": 16
  }
}
