{
  "experiment_name": "dijkstra",
  "type": "conveyor",
  "path_memory": {
    "type": "shared_path_memory"
  },
  "learn_trigger_bag_count": 30,
  "topology": {
    "type": "oriented",
    "sources": {
      "0": {
        "upstream_conv": 0
      }
    },
    "sinks": [
      0,
      1
    ],
    "diverters": {
      "0": {
        "conveyor": 0,
        "pos": 20,
        "upstream_conv": 1
      },
      "1": {
        "conveyor": 1,
        "pos": 15,
        "upstream_conv": 2
      }
    },
    "conveyors": {
      "0": {
        "length": 100,
        "upstream": {
          "type": "sink",
          "id": 0
        }
      },
      "1": {
        "length": 30,
        "upstream": {
          "type": "sink",
          "id": 1
        }
      },
      "2": {
        "length": 10,
        "upstream": {
          "type": "conveyor",
          "id": 0,
          "pos": 80
        }
      }
    }
  },
  "agent": {
    "type": "dijkstra",
    "current_node_idx_prefix": "current_node_idx",
    "destination_node_idx_prefix": "destination_node_idx",
    "neighbors_node_ids_prefix": "neighbors_node_ids",
    "topology_prefix": "topology",
    "bag_ids_prefix": "bag_ids",
    "output_prefix": "next_nodes"
  },
  "test": {
    "topology_independence": "full",
    "bags_queue": true,
    "time_outlier": 0,
    "collision_distance": 1,
    "data": [
      {
        "action": "put_bags",
        "bags_number": 1000,
        "delta": 3
      }
    ]
  },
  "shared_embedder": {
    "shared": true,
    "type": "hope",
    "embedding_dim": 3
  }
}
