{
  "experiment_name": "ppo",
  "type": "conveyor",
  "path_memory": {
    "type": "shared_path_memory"
  },
  "rewards": {
    "sink": {
      "wrong": -1e5,
      "right": 0
    }
  },
  "debug": false,
  "learn_trigger_bag_count": 10,
  "topology": {
    "type": "oriented",
    "sources": {
      "0": {
        "upstream_conv": 0
      },
      "1": {
        "upstream_conv": 1
      },
      "2": {
        "upstream_conv": 2
      }
    },
    "sinks": [
      0,
      1,
      2
    ],
    "diverters": {
      "0": {
        "conveyor": 0,
        "pos": 20,
        "upstream_conv": 3
      },
      "1": {
        "conveyor": 1,
        "pos": 20,
        "upstream_conv": 4
      },
      "2": {
        "conveyor": 2,
        "pos": 20,
        "upstream_conv": 5
      },
      "3": {
        "conveyor": 0,
        "pos": 40,
        "upstream_conv": 6
      },
      "4": {
        "conveyor": 1,
        "pos": 40,
        "upstream_conv": 7
      },
      "5": {
        "conveyor": 2,
        "pos": 40,
        "upstream_conv": 8
      },
      "6": {
        "conveyor": 0,
        "pos": 60,
        "upstream_conv": 9
      },
      "7": {
        "conveyor": 1,
        "pos": 60,
        "upstream_conv": 10
      },
      "8": {
        "conveyor": 2,
        "pos": 60,
        "upstream_conv": 11
      },
      "9": {
        "conveyor": 0,
        "pos": 80,
        "upstream_conv": 12
      },
      "10": {
        "conveyor": 1,
        "pos": 80,
        "upstream_conv": 13
      },
      "11": {
        "conveyor": 2,
        "pos": 80,
        "upstream_conv": 14
      }
    },
    "conveyors": {
      "0": {
        "length": 100,
        "upstream": {
          "type": "sink",
          "id": 0
        }
      },
      "1": {
        "length": 100,
        "upstream": {
          "type": "sink",
          "id": 1
        }
      },
      "2": {
        "length": 100,
        "upstream": {
          "type": "sink",
          "id": 2
        }
      },
      "3": {
        "length": 5,
        "upstream": {
          "type": "conveyor",
          "id": 1,
          "pos": 25
        }
      },
      "4": {
        "length": 5,
        "upstream": {
          "type": "conveyor",
          "id": 2,
          "pos": 25
        }
      },
      "5": {
        "length": 5,
        "upstream": {
          "type": "conveyor",
          "id": 0,
          "pos": 25
        }
      },
      "6": {
        "length": 10,
        "upstream": {
          "type": "conveyor",
          "id": 1,
          "pos": 45
        }
      },
      "7": {
        "length": 10,
        "upstream": {
          "type": "conveyor",
          "id": 2,
          "pos": 45
        }
      },
      "8": {
        "length": 10,
        "upstream": {
          "type": "conveyor",
          "id": 0,
          "pos": 45
        }
      },
      "9": {
        "length": 20,
        "upstream": {
          "type": "conveyor",
          "id": 1,
          "pos": 65
        }
      },
      "10": {
        "length": 20,
        "upstream": {
          "type": "conveyor",
          "id": 2,
          "pos": 65
        }
      },
      "11": {
        "length": 20,
        "upstream": {
          "type": "conveyor",
          "id": 0,
          "pos": 65
        }
      },
      "12": {
        "length": 30,
        "upstream": {
          "type": "conveyor",
          "id": 1,
          "pos": 85
        }
      },
      "13": {
        "length": 30,
        "upstream": {
          "type": "conveyor",
          "id": 2,
          "pos": 85
        }
      },
      "14": {
        "length": 30,
        "upstream": {
          "type": "conveyor",
          "id": 0,
          "pos": 85
        }
      }
    }
  },
  "agent": {
    "type": "ppo",
    "current_node_idx_prefix": "current_node_idx",
    "destination_node_idx_prefix": "destination_node_idx",
    "neighbors_node_ids_prefix": "neighbors_node_ids",
    "trajectory_sample_size": 60,
    "actor_loss_weight": 1.0,
    "critic_loss_weight": 1.0,
    "entropy_loss_weight": 0.1,
    "trajectory_length": 15,
    "discount_factor": 0.99,
    "ratio_clip": 0.5,
    "bag_ids_prefix": "bag_ids",
    "output_prefix": "next_nodes",
    "actor": {
      "type": "tower_actor",
      "embedder": {
        "shared": true,
        "type": "laplacian",
        "embedding_dim": 16
      },
      "ff_net": {
        "type": "tower",
        "input_dim": 16,
        "hidden_dims": [
          256,
          256
        ],
        "output_dim": 16
      }
    },
    "critic": {
      "type": "tower_critic",
      "embedder": {
        "shared": true,
        "type": "laplacian",
        "embedding_dim": 16
      },
      "ff_net": {
        "type": "tower",
        "input_dim": 16,
        "hidden_dims": [
          256,
          256
        ],
        "output_dim": 1
      }
    },
    "path_memory": {
      "type": "shared_path_memory",
      "reward_weights": {
        "time": 1.0,
        "energy": 0.0,
        "sink": 1.0
      }
    },
    "optimizer": {
      "type": "basic",
      "optimizer": {
        "type": "adamw",
        "lr": 1e-3,
        "eps": 1e-8
      }
    }
  },
  "test": {
    "topology_independence": "full",
    "bags_queue": true,
    "time_outlier": 0,
    "collision_distance": 1,
    "data": [
      {
        "action": "put_bags",
        "bags_number": 1000,
        "delta": 3
      }
    ]
  },
  "shared_embedder": {
    "shared": true,
    "type": "laplacian",
    "embedding_dim": 16
  },
  "pretrain_model_name_": "ppo_pretrain_model"
}
